"DESCRIPTION","DURATION IN MS","NAME","PARENT SUITE","START TIME","STATUS","STOP TIME","SUB SUITE","SUITE","TEST CLASS","TEST METHOD"
"","0","test_pass_4","tests","2026-03-05","passed","2026-03-05","","test_1","",""
"","1","test_fail_22","tests","2026-03-05","failed","2026-03-05","","test_2","",""
"","0","test_pass_13","tests","2026-03-05","passed","2026-03-05","","test_3","",""
"","0","test_pass_33","tests","2026-03-05","passed","2026-03-05","","test_3","",""
"","0","test_pass_23","tests","2026-03-05","passed","2026-03-05","","test_3","",""
"","0","test_pass_22","tests","2026-03-05","passed","2026-03-05","","test_2","",""
"","0","test_pass_11","tests","2026-03-05","passed","2026-03-05","","test_2","",""
"","0","test_skip_1","tests","2026-03-05","skipped","2026-03-05","","test_1","",""
"","0","test_pass_3","tests","2026-03-05","passed","2026-03-05","","test_1","",""
"","0","test_fail_11","tests","2026-03-05","failed","2026-03-05","","test_2","",""
"","0","test_skip_0","tests","2026-03-05","skipped","2026-03-05","","test_2","",""
"","0","test_pass_2","tests","2026-03-05","passed","2026-03-05","","test_1","",""
"","1","test_pass_43","tests","2026-03-05","passed","2026-03-05","","test_3","",""
"","0","test_skip_2","tests","2026-03-05","skipped","2026-03-05","","test_1","",""
"","0","test_fail_2","tests","2026-03-05","failed","2026-03-05","","test_1","",""
"","0","test_pass_55","tests","2026-03-05","passed","2026-03-05","","test_2","",""
"","0","test_pass_1","tests","2026-03-05","passed","2026-03-05","","test_1","",""
"","0","test_fail_1","tests","2026-03-05","failed","2026-03-05","","test_1","",""
